{"stats":{"minecraft:dropped":{"minecraft:rotten_flesh":1,"minecraft:hay_block":1,"minecraft:wheat_seeds":2,"minecraft:bone":1},"minecraft:picked_up":{"minecraft:bone":1,"minecraft:rotten_flesh":1,"minecraft:wheat_seeds":2,"minecraft:hay_block":1,"minecraft:egg":2},"minecraft:custom":{"minecraft:open_chest":13,"minecraft:time_since_rest":17662,"minecraft:crouch_one_cm":138,"minecraft:play_time":88946,"minecraft:sprint_one_cm":36926,"minecraft:damage_taken":665,"minecraft:deaths":2,"minecraft:walk_one_cm":49966,"minecraft:sneak_time":372,"minecraft:walk_under_water_one_cm":8701,"minecraft:mob_kills":3,"minecraft:drop":5,"minecraft:jump":163,"minecraft:damage_dealt":517,"minecraft:leave_game":10,"minecraft:time_since_death":17633,"minecraft:walk_on_water_one_cm":2746,"minecraft:total_world_time":88946,"minecraft:swim_one_cm":1245,"minecraft:fall_one_cm":5978,"minecraft:fly_one_cm":713131,"minecraft:player_kills":1},"minecraft:killed":{"minecraft:pillager":1,"minecraft:zombie":1,"minecraft:player":1},"minecraft:used":{"minecraft:netherite_sword":3,"minecraft:spruce_leaves":5,"minecraft:potion":2,"minecraft:grass_block":1,"minecraft:netherite_pickaxe":1,"minecraft:egg":2},"minecraft:mined":{"minecraft:short_grass":1,"minecraft:deepslate_diamond_ore":1,"minecraft:tall_grass":2,"minecraft:spruce_leaves":2,"minecraft:fern":4}},"DataVersion":3700}