{"stats":{"minecraft:custom":{"minecraft:jump":70,"minecraft:open_chest":5,"minecraft:time_since_rest":6410,"minecraft:damage_dealt":240,"minecraft:damage_taken":160,"minecraft:crouch_one_cm":138,"minecraft:leave_game":9,"minecraft:play_time":68523,"minecraft:sprint_one_cm":13562,"minecraft:time_since_death":6387,"minecraft:walk_one_cm":22166,"minecraft:deaths":1,"minecraft:sneak_time":76,"minecraft:total_world_time":68523,"minecraft:mob_kills":1,"minecraft:fall_one_cm":1877,"minecraft:fly_one_cm":479951},"minecraft:used":{"minecraft:spruce_leaves":3,"minecraft:netherite_sword":3,"minecraft:grass_block":1},"minecraft:killed":{"minecraft:pillager":1}},"DataVersion":3700}