{"stats":{"minecraft:killed":{"minecraft:pillager":1},"minecraft:mined":{"minecraft:deepslate_diamond_ore":1},"minecraft:custom":{"minecraft:time_since_rest":3811,"minecraft:open_chest":5,"minecraft:deaths":2,"minecraft:crouch_one_cm":138,"minecraft:sprint_one_cm":14974,"minecraft:play_time":75095,"minecraft:walk_one_cm":23470,"minecraft:damage_taken":160,"minecraft:sneak_time":248,"minecraft:walk_under_water_one_cm":323,"minecraft:mob_kills":1,"minecraft:jump":82,"minecraft:damage_dealt":240,"minecraft:leave_game":9,"minecraft:walk_on_water_one_cm":157,"minecraft:time_since_death":3782,"minecraft:total_world_time":75095,"minecraft:fall_one_cm":1877,"minecraft:fly_one_cm":598886},"minecraft:used":{"minecraft:spruce_leaves":5,"minecraft:netherite_sword":3,"minecraft:potion":2,"minecraft:grass_block":1,"minecraft:netherite_pickaxe":1}},"DataVersion":3700}