{"stats":{"minecraft:used":{"minecraft:grass_block":1},"minecraft:custom":{"minecraft:jump":55,"minecraft:open_chest":5,"minecraft:time_since_rest":60829,"minecraft:crouch_one_cm":138,"minecraft:leave_game":7,"minecraft:play_time":60829,"minecraft:sprint_one_cm":11800,"minecraft:damage_taken":160,"minecraft:time_since_death":60829,"minecraft:walk_one_cm":18649,"minecraft:sneak_time":76,"minecraft:total_world_time":60829,"minecraft:fall_one_cm":1877,"minecraft:fly_one_cm":445648}},"DataVersion":3700}