{"stats":{"minecraft:dropped":{"minecraft:hay_block":1,"minecraft:wheat_seeds":3,"minecraft:nether_wart_block":5,"minecraft:rotten_flesh":1,"minecraft:dandelion":1,"minecraft:stick":1,"minecraft:bone":1},"minecraft:killed_by":{"minecraft:piglin":1},"minecraft:picked_up":{"minecraft:crafting_table":1,"minecraft:wheat":9,"minecraft:azure_bluet":1,"minecraft:dandelion":2,"minecraft:torch":5,"minecraft:yellow_bed":1,"minecraft:white_bed":1,"minecraft:nether_wart_block":5,"minecraft:dirt":6,"minecraft:bone":1,"minecraft:rotten_flesh":1,"minecraft:wheat_seeds":4,"minecraft:hay_block":1,"minecraft:bread":33,"minecraft:chest":1,"minecraft:egg":3},"minecraft:custom":{"minecraft:time_since_rest":7718,"minecraft:sprint_one_cm":40386,"minecraft:damage_taken":984,"minecraft:walk_one_cm":86645,"minecraft:mob_kills":3,"minecraft:drop":13,"minecraft:damage_dealt":536,"minecraft:swim_one_cm":1245,"minecraft:talked_to_villager":1,"minecraft:fly_one_cm":717742,"minecraft:player_kills":1,"minecraft:open_chest":13,"minecraft:crouch_one_cm":616,"minecraft:play_time":104230,"minecraft:deaths":3,"minecraft:sneak_time":529,"minecraft:walk_under_water_one_cm":8701,"minecraft:jump":250,"minecraft:leave_game":12,"minecraft:time_since_death":7553,"minecraft:walk_on_water_one_cm":2746,"minecraft:sleep_in_bed":1,"minecraft:total_world_time":104230,"minecraft:fall_one_cm":10179},"minecraft:killed":{"minecraft:pillager":1,"minecraft:zombie":1,"minecraft:player":1},"minecraft:used":{"minecraft:netherite_sword":3,"minecraft:flint_and_steel":1,"minecraft:grass_block":1,"minecraft:spruce_leaves":5,"minecraft:dirt":4,"minecraft:potion":2,"minecraft:netherite_pickaxe":1,"minecraft:egg":2,"minecraft:obsidian":12},"minecraft:mined":{"minecraft:nether_wart_block":5,"minecraft:deepslate_diamond_ore":1,"minecraft:crafting_table":1,"minecraft:short_grass":11,"minecraft:grass_block":3,"minecraft:crimson_roots":1,"minecraft:dirt":2,"minecraft:tall_grass":5,"minecraft:spruce_leaves":2,"minecraft:fern":4}},"DataVersion":3700}