{"stats":{"minecraft:killed":{"minecraft:zombie":1},"minecraft:custom":{"minecraft:jump":27,"minecraft:time_since_rest":12144,"minecraft:damage_dealt":200,"minecraft:deaths":1,"minecraft:leave_game":1,"minecraft:play_time":26305,"minecraft:sprint_one_cm":258,"minecraft:time_since_death":12090,"minecraft:walk_one_cm":2502,"minecraft:sneak_time":1028,"minecraft:total_world_time":26305,"minecraft:mob_kills":1,"minecraft:fall_one_cm":534,"minecraft:fly_one_cm":459526},"minecraft:used":{"minecraft:netherite_sword":2}},"DataVersion":3465}