{"stats":{"minecraft:killed":{"minecraft:zombie":1},"minecraft:custom":{"minecraft:jump":26,"minecraft:time_since_rest":144,"minecraft:damage_dealt":200,"minecraft:deaths":1,"minecraft:leave_game":1,"minecraft:play_time":14305,"minecraft:sprint_one_cm":258,"minecraft:time_since_death":90,"minecraft:walk_one_cm":2352,"minecraft:sneak_time":568,"minecraft:total_world_time":14305,"minecraft:mob_kills":1,"minecraft:fall_one_cm":534,"minecraft:fly_one_cm":255817},"minecraft:used":{"minecraft:netherite_sword":2}},"DataVersion":3465}