{"stats":{"minecraft:dropped":{"minecraft:bread":17},"minecraft:killed_by":{"minecraft:iron_golem":1,"minecraft:piglin":1,"minecraft:player":1},"minecraft:crafted":{"minecraft:crafting_table":1,"minecraft:bread":33,"minecraft:wheat":108},"minecraft:picked_up":{"minecraft:azure_bluet":1,"minecraft:torch":5,"minecraft:dandelion":3,"minecraft:white_bed":3,"minecraft:yellow_bed":1,"minecraft:dirt":2,"minecraft:wheat_seeds":2,"minecraft:hay_block":13,"minecraft:chest":1,"minecraft:oak_planks":4,"minecraft:egg":1},"minecraft:custom":{"minecraft:time_since_rest":396,"minecraft:damage_taken":19320,"minecraft:walk_one_cm":87144,"minecraft:drop":2,"minecraft:damage_dealt":20,"minecraft:talked_to_villager":1,"minecraft:interact_with_crafting_table":1,"minecraft:fly_one_cm":4526,"minecraft:open_chest":2,"minecraft:crouch_one_cm":83,"minecraft:play_time":31503,"minecraft:deaths":4,"minecraft:sneak_time":58,"minecraft:walk_under_water_one_cm":1784,"minecraft:jump":188,"minecraft:interact_with_grindstone":1,"minecraft:leave_game":3,"minecraft:walk_on_water_one_cm":2568,"minecraft:time_since_death":355,"minecraft:sleep_in_bed":1,"minecraft:climb_one_cm":8,"minecraft:total_world_time":31503,"minecraft:fall_one_cm":199963},"minecraft:used":{"minecraft:hay_block":1,"minecraft:crafting_table":1,"minecraft:white_bed":2},"minecraft:mined":{"minecraft:hay_block":13,"minecraft:white_bed":3,"minecraft:dandelion":1,"minecraft:yellow_bed":1,"minecraft:azure_bluet":1,"minecraft:short_grass":1,"minecraft:dirt_path":1,"minecraft:chest":1,"minecraft:oak_planks":4,"minecraft:oak_leaves":7,"minecraft:wall_torch":4}},"DataVersion":3700}