{"stats":{"minecraft:killed_by":{"minecraft:player":1},"minecraft:crafted":{"minecraft:wheat":108},"minecraft:picked_up":{"minecraft:azure_bluet":1,"minecraft:torch":2,"minecraft:dandelion":1,"minecraft:hay_block":13,"minecraft:white_bed":1},"minecraft:custom":{"minecraft:open_chest":1,"minecraft:time_since_rest":8531,"minecraft:play_time":16135,"minecraft:deaths":1,"minecraft:damage_taken":279,"minecraft:walk_one_cm":38400,"minecraft:walk_under_water_one_cm":691,"minecraft:jump":64,"minecraft:interact_with_grindstone":1,"minecraft:damage_dealt":10,"minecraft:leave_game":1,"minecraft:time_since_death":8494,"minecraft:walk_on_water_one_cm":1414,"minecraft:total_world_time":16135,"minecraft:fly_one_cm":1431,"minecraft:fall_one_cm":1107},"minecraft:used":{"minecraft:hay_block":1},"minecraft:mined":{"minecraft:hay_block":13,"minecraft:dirt_path":1,"minecraft:white_bed":1,"minecraft:oak_planks":2,"minecraft:dandelion":1,"minecraft:wall_torch":2,"minecraft:azure_bluet":1}},"DataVersion":3700}