{
  "minecraft:recipes/decorations/crafting_table": {
    "criteria": {
      "unlock_right_away": "2024-08-04 17:54:48 +0000"
    },
    "done": true
  },
  "minecraft:adventure/adventuring_time": {
    "criteria": {
      "minecraft:cold_ocean": "2024-08-04 19:33:35 +0000",
      "minecraft:beach": "2024-08-04 19:33:31 +0000",
      "minecraft:old_growth_pine_taiga": "2024-08-05 13:21:01 +0000",
      "minecraft:forest": "2024-08-04 19:33:48 +0000",
      "minecraft:taiga": "2024-08-04 17:54:49 +0000",
      "minecraft:river": "2024-08-04 19:33:54 +0000",
      "minecraft:meadow": "2024-08-04 20:10:41 +0000",
      "minecraft:stony_shore": "2024-08-04 19:33:33 +0000",
      "minecraft:lush_caves": "2024-08-05 13:33:01 +0000",
      "minecraft:plains": "2024-08-04 19:34:00 +0000"
    },
    "done": false
  },
  "minecraft:adventure/root": {
    "criteria": {
      "killed_something": "2024-08-05 13:17:22 +0000"
    },
    "done": true
  },
  "minecraft:adventure/kill_all_mobs": {
    "criteria": {
      "minecraft:pillager": "2024-08-05 13:17:22 +0000"
    },
    "done": false
  },
  "minecraft:adventure/kill_a_mob": {
    "criteria": {
      "minecraft:pillager": "2024-08-05 13:17:22 +0000"
    },
    "done": true
  },
  "minecraft:recipes/misc/diamond_from_smelting_deepslate_diamond_ore": {
    "criteria": {
      "has_deepslate_diamond_ore": "2024-08-05 13:34:22 +0000"
    },
    "done": true
  },
  "minecraft:husbandry/root": {
    "criteria": {
      "consumed_item": "2024-08-05 13:33:53 +0000"
    },
    "done": true
  },
  "minecraft:recipes/transportation/birch_boat": {
    "criteria": {
      "in_water": "2024-08-05 13:34:47 +0000"
    },
    "done": true
  },
  "minecraft:recipes/transportation/jungle_boat": {
    "criteria": {
      "in_water": "2024-08-05 13:34:47 +0000"
    },
    "done": true
  },
  "DataVersion": 3700
}