{
  "minecraft:recipes/decorations/crafting_table": {
    "criteria": {
      "unlock_right_away": "2024-08-04 17:54:48 +0000"
    },
    "done": true
  },
  "minecraft:adventure/adventuring_time": {
    "criteria": {
      "minecraft:cold_ocean": "2024-08-04 19:33:35 +0000",
      "minecraft:beach": "2024-08-04 19:33:31 +0000",
      "minecraft:forest": "2024-08-04 19:33:48 +0000",
      "minecraft:taiga": "2024-08-04 17:54:49 +0000",
      "minecraft:river": "2024-08-04 19:33:54 +0000",
      "minecraft:stony_shore": "2024-08-04 19:33:33 +0000",
      "minecraft:plains": "2024-08-04 19:34:00 +0000"
    },
    "done": false
  },
  "DataVersion": 3700
}