{
  "minecraft:recipes/decorations/crafting_table": {
    "criteria": {
      "unlock_right_away": "2024-08-03 12:05:33 +0000"
    },
    "done": true
  },
  "minecraft:adventure/adventuring_time": {
    "criteria": {
      "minecraft:windswept_hills": "2024-08-04 16:23:42 +0000",
      "minecraft:river": "2024-08-04 16:23:12 +0000",
      "minecraft:forest": "2024-08-03 12:05:34 +0000",
      "minecraft:plains": "2024-08-04 16:30:03 +0000"
    },
    "done": false
  },
  "minecraft:adventure/root": {
    "criteria": {
      "killed_something": "2024-08-04 16:28:06 +0000"
    },
    "done": true
  },
  "minecraft:adventure/kill_all_mobs": {
    "criteria": {
      "minecraft:zombie": "2024-08-04 16:28:06 +0000"
    },
    "done": false
  },
  "minecraft:adventure/kill_a_mob": {
    "criteria": {
      "minecraft:zombie": "2024-08-04 16:28:06 +0000"
    },
    "done": true
  },
  "DataVersion": 3465
}